modularity_class,Count of modularity_class,Standard Deviation,Average
1,11448,628.1234409,65.88581952
2,7595,,
0,3640,,
80,2035,,
3,1404,,
123,1362,,
9,1247,,
21,1118,,
134,987,,
5,969,,
6,916,,
7,543,,
67,420,,
4,309,,
10,279,,
20,160,,
78,79,,
280,42,,
133,31,,
112,13,,
115,12,,
526,9,,
476,8,,
326,8,,
298,6,,
98,6,,
38,6,,
193,6,,
468,5,,
12,5,,
70,5,,
261,5,,
32,5,,
16,5,,
44,5,,
64,5,,
99,5,,
423,4,,
433,4,,
53,4,,
147,4,,
111,4,,
385,3,,
380,3,,
305,3,,
293,3,,
383,3,,
405,3,,
322,3,,
314,3,,
430,3,,
273,3,,
279,3,,
329,3,,
501,3,,
503,3,,
356,3,,
337,3,,
542,3,,
8,3,,
149,3,,
143,3,,
26,3,,
247,3,,
79,3,,
128,3,,
94,3,,
68,3,,
97,3,,
35,3,,
30,3,,
61,3,,
262,3,,
124,3,,
104,3,,
52,3,,
107,3,,
146,3,,
109,3,,
148,3,,
156,3,,
151,3,,
159,3,,
13,3,,
189,3,,
45,3,,
237,3,,
114,3,,
249,3,,
47,3,,
17,3,,
120,3,,
138,3,,
424,2,,
488,2,,
456,2,,
277,2,,
520,2,,
299,2,,
440,2,,
300,2,,
472,2,,
301,2,,
504,2,,
302,2,,
536,2,,
303,2,,
432,2,,
304,2,,
448,2,,
278,2,,
464,2,,
306,2,,
480,2,,
307,2,,
496,2,,
308,2,,
512,2,,
309,2,,
528,2,,
310,2,,
420,2,,
311,2,,
428,2,,
312,2,,
436,2,,
313,2,,
444,2,,
274,2,,
452,2,,
315,2,,
460,2,,
316,2,,
292,2,,
317,2,,
276,2,,
318,2,,
484,2,,
319,2,,
492,2,,
320,2,,
500,2,,
321,2,,
508,2,,
275,2,,
516,2,,
323,2,,
524,2,,
324,2,,
532,2,,
325,2,,
540,2,,
281,2,,
422,2,,
327,2,,
426,2,,
328,2,,
290,2,,
282,2,,
434,2,,
330,2,,
438,2,,
331,2,,
442,2,,
332,2,,
446,2,,
333,2,,
450,2,,
334,2,,
454,2,,
335,2,,
458,2,,
336,2,,
462,2,,
283,2,,
466,2,,
338,2,,
470,2,,
339,2,,
474,2,,
340,2,,
478,2,,
341,2,,
482,2,,
342,2,,
486,2,,
343,2,,
490,2,,
344,2,,
494,2,,
345,2,,
498,2,,
346,2,,
502,2,,
347,2,,
506,2,,
348,2,,
510,2,,
349,2,,
514,2,,
350,2,,
518,2,,
351,2,,
522,2,,
352,2,,
296,2,,
353,2,,
530,2,,
354,2,,
534,2,,
355,2,,
538,2,,
284,2,,
419,2,,
357,2,,
421,2,,
358,2,,
289,2,,
359,2,,
425,2,,
360,2,,
427,2,,
361,2,,
429,2,,
362,2,,
431,2,,
363,2,,
291,2,,
364,2,,
435,2,,
365,2,,
437,2,,
366,2,,
439,2,,
367,2,,
441,2,,
368,2,,
443,2,,
369,2,,
445,2,,
370,2,,
447,2,,
371,2,,
449,2,,
372,2,,
451,2,,
373,2,,
453,2,,
374,2,,
455,2,,
375,2,,
457,2,,
376,2,,
459,2,,
377,2,,
461,2,,
378,2,,
463,2,,
379,2,,
465,2,,
285,2,,
467,2,,
381,2,,
469,2,,
382,2,,
471,2,,
286,2,,
473,2,,
384,2,,
475,2,,
287,2,,
477,2,,
386,2,,
479,2,,
387,2,,
481,2,,
388,2,,
483,2,,
389,2,,
485,2,,
390,2,,
487,2,,
391,2,,
489,2,,
392,2,,
491,2,,
393,2,,
493,2,,
394,2,,
495,2,,
395,2,,
497,2,,
396,2,,
499,2,,
397,2,,
294,2,,
398,2,,
295,2,,
399,2,,
505,2,,
400,2,,
507,2,,
401,2,,
509,2,,
402,2,,
511,2,,
403,2,,
513,2,,
404,2,,
515,2,,
288,2,,
517,2,,
541,2,,
519,2,,
272,2,,
521,2,,
408,2,,
523,2,,
409,2,,
525,2,,
410,2,,
527,2,,
411,2,,
529,2,,
412,2,,
531,2,,
413,2,,
533,2,,
414,2,,
535,2,,
415,2,,
537,2,,
416,2,,
539,2,,
417,2,,
297,2,,
418,2,,
406,2,,
407,2,,
195,2,,
259,2,,
227,2,,
69,2,,
179,2,,
34,2,,
211,2,,
71,2,,
243,2,,
72,2,,
171,2,,
73,2,,
187,2,,
74,2,,
203,2,,
75,2,,
219,2,,
76,2,,
235,2,,
77,2,,
251,2,,
23,2,,
167,2,,
36,2,,
175,2,,
14,2,,
183,2,,
81,2,,
191,2,,
82,2,,
199,2,,
83,2,,
207,2,,
84,2,,
215,2,,
85,2,,
223,2,,
86,2,,
231,2,,
87,2,,
239,2,,
88,2,,
31,2,,
89,2,,
255,2,,
90,2,,
33,2,,
91,2,,
169,2,,
92,2,,
173,2,,
93,2,,
177,2,,
37,2,,
181,2,,
95,2,,
185,2,,
96,2,,
19,2,,
24,2,,
62,2,,
39,2,,
197,2,,
40,2,,
201,2,,
100,2,,
205,2,,
101,2,,
209,2,,
102,2,,
213,2,,
103,2,,
217,2,,
41,2,,
221,2,,
105,2,,
225,2,,
106,2,,
229,2,,
42,2,,
233,2,,
108,2,,
63,2,,
43,2,,
241,2,,
110,2,,
245,2,,
25,2,,
65,2,,
18,2,,
253,2,,
113,2,,
257,2,,
46,2,,
66,2,,
27,2,,
166,2,,
116,2,,
168,2,,
117,2,,
170,2,,
118,2,,
172,2,,
119,2,,
174,2,,
48,2,,
176,2,,
121,2,,
178,2,,
122,2,,
180,2,,
49,2,,
182,2,,
50,2,,
184,2,,
125,2,,
186,2,,
126,2,,
188,2,,
127,2,,
190,2,,
51,2,,
192,2,,
129,2,,
194,2,,
130,2,,
196,2,,
131,2,,
198,2,,
132,2,,
200,2,,
28,2,,
202,2,,
265,2,,
204,2,,
266,2,,
206,2,,
264,2,,
208,2,,
11,2,,
210,2,,
263,2,,
212,2,,
15,2,,
214,2,,
140,2,,
216,2,,
141,2,,
218,2,,
142,2,,
220,2,,
29,2,,
222,2,,
144,2,,
224,2,,
145,2,,
226,2,,
54,2,,
228,2,,
55,2,,
230,2,,
56,2,,
232,2,,
57,2,,
234,2,,
150,2,,
236,2,,
58,2,,
238,2,,
152,2,,
240,2,,
153,2,,
242,2,,
154,2,,
244,2,,
155,2,,
246,2,,
59,2,,
248,2,,
157,2,,
250,2,,
158,2,,
252,2,,
60,2,,
254,2,,
160,2,,
256,2,,
161,2,,
258,2,,
162,2,,
260,2,,
163,2,,
22,2,,
164,2,,
165,2,,
139,2,,
268,2,,
267,2,,
271,2,,
269,2,,
270,2,,
137,2,,
136,2,,
135,2,,
Grand Total,35776,,
